<?xml version="1.0" encoding="UTF-8" standalone="yes" ?>
<addon id="plugin.video.fmoviez" name="FMOVIEZ" version="1.0.4" provider-name="Old Salt">
    <requires>
        <import addon="script.module.requests" />
        <import addon="script.module.resolveurl"/>
    </requires>
    <extension point="xbmc.python.pluginsource" library="main.py">
        <provides>video</provides>
    </extension>
    <extension point="xbmc.addon.metadata">
        <description>Movies and TV shows without the need for a premium (debrid) service[CR]Original coding by mbebe forked with minor adjustments and new graphics.</description>
        <disclaimer>This add-on connects to the fmoviesz.to website</disclaimer>
        <summary>Free Movies and TV Shows</summary>
        <language></language>
        <platform>all</platform>
        <license>GNU GENERAL PUBLIC LICENSE. Version 2, June 1991</license>
        <website></website>
        <assets>
            <icon>icon.png</icon>
            <fanart>fanart.jpg</fanart>
        </assets>
    </extension>
</addon>
