<?xml version="1.0" encoding="UTF-8" standalone="yes"?>
<addon id="plugin.video.duffyou" name="Duff You" version="0.1.3" provider-name="La Taberna">
    <requires>
        <import addon="script.module.six" version="1.11.0" />
        <import addon="script.module.simplecache" />
        <import addon="script.module.inputstreamhelper" version="0.5.0" />
    </requires>
    
    <extension point="xbmc.python.pluginsource" library="libs/plugin.py">
        <provides>video</provides>
    </extension>
	<extension point="xbmc.python.module" library="libs" />
    <extension point="xbmc.addon.metadata">
        <summary lang="en">YouTube without needing API keys</summary>
        <description lang="es">Hasta las narices de las apikeys de YouTube? Y de ver como calidad máxima los videos de la plataforma solo hasta 720p?[CR]Pues se acabó! Desde nuestra taberna os presentamos un nuevo addon de YouTube, donde no hace falta APIKEY alguna, ni tampoco hay ningún tipo de restricción para ver los videos a la máxima calidad ofrecida, 720p, 1080p, 2K y 4K![CR]Todo esto y mucho mas...</description>
        <description lang="en">Tired of dealing with YouTube/Google api keys and only able to see the videos on the platform up to 720p?[CR]Well, that's over! From our team we present a new YouTube addon, where NO API KEY is needed, no logging in, nor are there any kind of restrictions to watch the videos at the highest quality offered (720p, 1080p, 2K and 4K!)[CR]All this and much more more...</description>
        <disclaimer lang="es">Este es un software [COLOR red][B]gratuito[/B][/COLOR][CR][COLOR red][B]Pero no se permite[/B][/COLOR] su distribuición preinstalada en ningún tipo de dispositivo ni tampoco su inclusión total o parcial en cualquier paquete de software y/o hardware por el que el usuario final deba [COLOR red][B]pagar o hacer una donación[/B][/COLOR], por su adquisición, por su uso o por recibir asistencia.[CR]Si cree que alguna de estas normas no se está cumpliendo póngase en contacto con nosotros.</disclaimer>    
        <disclaimer lang="en">This add-on is offered as [COLOR red][B]free[/B][/COLOR][CR][COLOR red][B]software! It is not allowed[/B][/COLOR] to be distributed or pre-installed on any type of device including in other software and/or hardware package for which the end user must [COLOR red][B]pay or make a donation[/B][/COLOR], for its acquisition, for its use or for receiving assistance.[CR]It must be redistributed for free. If you believe that any of these rules is not being followed, please contact us.</disclaimer>
        <platform>all</platform>
        <assets>
            <icon>icon.jpg</icon>
            <fanart>fanart.jpg</fanart>
        </assets>
        <license>[B]This is free software[/B]</license>
        <news>July 4 2022 - English added by G-Man[CR]Jan 23 2022 - Added external playlist playback option[CR]Jan 23 2022 - Minor fixes
        </news>
    </extension>
</addon>
