<?xml version="1.0" encoding="UTF-8" standalone="yes"?>
<addon id="plugin.video.quest" name="Quest" version="2022.09.13" provider-name="MetalChris">
    <requires>
        <!-- <import addon="xbmc.python" version="2.1.0"/> -->
        <import addon="script.module.requests" version="2.9.1"/>
    </requires>
    <extension point="xbmc.python.pluginsource"
               library="addon.py">
        <provides>video</provides>
    </extension>
    <extension point="xbmc.addon.metadata">
        <platform>all</platform>
        <license>GPL 2.0</license>
        <summary lang="en">24/7 Quest programming</summary>
        <description lang="en">Quest is a 24/7 broadcast television network that entertains and informs its viewers with exhilarating adventure programming about nature's greatest dangers, history's greatest mysteries and man's greatest achievements. *Matrix Version*</description>
        <disclaimer lang="en">For support go to my github. No support without a full, unedited debug log.  No support at TVAddons or any other forum.</disclaimer>
        <language></language>
        <platform>all</platform>
        <license>GPL(v2) or Later</license>
        <forum></forum>
        <website>https://www.questtv.com/</website>
        <email></email>
        <source></source>
        <news>v.2022.09.13[CR]- Update for API changes</news>
        <assets>
            <icon>icon.png</icon>
            <fanart>resources/media/fanart.jpg</fanart>
        </assets>
    </extension>
</addon>
