<?xml version="1.0" encoding="UTF-8" standalone="yes" ?>
<addon id="plugin.video.fmoviesto" name="fmovies.to" version="1.20.3" provider-name="mbebe">
    <requires>
        <import addon="script.module.requests" />
        <import addon="script.module.resolveurl"/>
    </requires>
    <extension point="xbmc.python.pluginsource" library="main.py">
        <provides>video</provides>
    </extension>
    <extension point="xbmc.addon.metadata">
        <description>International Movies and TV shows from the source: fmovies.to</description>
        <disclaimer>https://github.com/mbebe/blomqvist</disclaimer>
        <summary>International Movies and TV shows</summary>
        <language>en</language>
        <platform>all</platform>
        <license>GNU GENERAL PUBLIC LICENSE. Version 2, June 1991</license>
        <website>https://github.com/mbebe/blomqvist</website>
        <assets>
            <icon>icon.png</icon>
            <fanart>fanart.jpg</fanart>
        </assets>
        <news>
        Version 1.20.3 - Added 2023 to lists and updated Countries    
        Version 1.20.2 - A modifed Menu and new icons
        Version 1.20 - original version by mbebe
        </news>
    </extension>
</addon>
