<?xml version="1.0" encoding="UTF-8" standalone="yes"?>
<addon id="repository.freeg" name="[COLOR gold]Free-G Repository[/COLOR]" version="0.0.1" provider-name="G-Man">
<extension point="xbmc.addon.repository" name="Free-G Repository">
    <dir>
        <info compressed="false">https://www.mrgsi.com/kodi/freeg/addons.xml</info>
        <checksum>https://www.mrgsi.com/kodi/freeg/addons.xml.md5</checksum>
        <datadir zip="true">https://www.mrgsi.com/kodi/freeg/</datadir>
    </dir> 
    <dir>
        <info compressed="false">https://github.com/mrgsi/repository.glive/raw/master/addons.xml</info>
        <checksum>https://github.com/mrgsi/repository.glive/raw/master/addons.xml.md5</checksum>
        <datadir zip="true">https://raw.githubusercontent.com/mrgsi/repository.glive/master/</datadir>
    </dir> 
    <dir>
        <info compressed="false">https://github.com/mrgsi/repository.wnt2/raw/master/addons.xml</info>
        <checksum>https://github.com/mrgsi/repository.wnt2/raw/master/addons.xml.md5</checksum>
        <datadir zip="true">https://raw.githubusercontent.com/mrgsi/repository.wnt2/master/</datadir>
    </dir>  
	<dir>
		<info compressed="false">https://raw.githubusercontent.com/Gujal00/smrzips/master/addons.xml</info>
		<checksum>https://raw.githubusercontent.com/Gujal00/smrzips/master/addons.xml.md5</checksum>
		<datadir zip="true">https://raw.githubusercontent.com/Gujal00/smrzips/master/zips/</datadir>
    </dir>
    <dir>
        <info compressed="false">https://raw.githubusercontent.com/jewbmx/repo/master/zips/addons.xml</info>
        <checksum>https://raw.githubusercontent.com/jewbmx/repo/master/zips/addons.xml.md5</checksum>
        <datadir zip="true">https://raw.githubusercontent.com/jewbmx/repo/master/zips/</datadir>
    </dir>
</extension>
<extension point="xbmc.addon.metadata">
    <platform>all</platform>
    <summary>All FREE, No Premium Service Required</summary>
    <description>A collection of Add-ons which uses free sources for those who can't afford or just refuse to use a premium service with Kodi. This is as good as it gets.</description>
    <assets>
        <icon>icon.png</icon>
    </assets>
</extension>
</addon>