<?xml version="1.0" encoding="UTF-8" standalone="yes" ?>
<addon id="plugin.video.tvseriesvideo" name="[B][COLOR orange]TVSeries[/COLOR][COLOR snow].video[/COLOR][/B]" version="0.3.5" provider-name="mbebe">
    <requires>
        <import addon="script.module.requests" />
        <import addon="script.module.resolveurl" version="5.0.00"/>
        <import addon="script.module.six"/>
    </requires>
    <extension point="xbmc.python.pluginsource" library="main.py">
        <provides>video</provides>
    </extension>
    <extension point="xbmc.addon.metadata">
        <description lang="en">TV Shows and Movies from the source: www.tvseries.video[CR]If you have any problems with this add-on, it is caused by maintenance to the source website.
        </description>
        <disclaimer lang="en">https://github.com/mbebe/blomqvist</disclaimer>    
        <summary lang="en">TV Shows and Movies</summary>
        <language>en</language>
        <platform>all</platform>
        <license>GNU GENERAL PUBLIC LICENSE. Version 2, June 1991</license>
        <website>https://github.com/mbebe/blomqvist</website>
        <assets>
            <icon>icon.png</icon>
            <fanart>fanart.jpg</fanart>
        </assets>
        <news>
        Version 0.3 - original version by mbebe
        </news>
    </extension>
</addon>
