<?xml version="1.0" encoding="UTF-8" standalone="yes"?>
<addon id="plugin.video.karaokevids" name="Karaoke Videos" version="1.0.0" provider-name="Old Salt">
  <requires>
    <import addon="xbmc.python" version="3.0.0"/>
    <import addon="plugin.video.youtube" />
  </requires>
  <extension point="xbmc.python.pluginsource" library="default.py">
        <provides>video audio</provides>
  </extension>
  <extension point="xbmc.addon.metadata">
    <summary lang="en">Sing along to Karaoke Music Videos</summary>
    <description lang="en">This is a small fork of the Kodi Karaoke Free add-on.[CR]All credit for coding goes to MrFixIt.</description>
    <platform>all</platform>
    <assets>
        <icon>icon.png</icon>
        <fanart>fanart.jpg</fanart>
    </assets>
  </extension>
</addon>
