<?xml version="1.0" encoding="UTF-8" standalone="yes" ?>
<addon id="plugin.video.goojarato" name="Goojara" version="1.5" provider-name="G-Man">
    <requires>
        <import addon="script.module.requests" />
        <import addon="script.module.six"/>
        <import addon="script.module.resolveurl" version="5.0.00"/>
    </requires>
    <extension point="xbmc.python.pluginsource" library="main.py">
        <provides>video</provides>
    </extension>
    <extension point="xbmc.addon.metadata">
        <description lang="en">Movies and TV Shows found on https://goojara.to for free viewing.[CR]Forum discussions for Googara found at https://supernova.to[CR]Original coding by mbebe. This is a simple fork of the original add-on.</description>
        <disclaimer lang="en">https://www.goojara.to</disclaimer>	
        <summary lang="en">Free Movies and Shows</summary>
        <language>en</language>
        <platform>all</platform>
        <license>GNU GENERAL PUBLIC LICENSE. Version 2, June 1991</license>
        <website></website>
        <assets>
            <icon>icon.png</icon>
            <fanart>fanart.jpg</fanart>
        </assets>
    </extension>
</addon>
